xtf_id,IDE,Numero,Abreviation,Nom_TP,Nom_RC,Validite_DebutValidite,Validite_FinValidite,Validite_DateTraitement,Validite_Etat
ch14uvag00000390,CHE-105.978.304,532,BOGG,Busbetrieb Olten Gösgen Gäu AG,Busbetrieb Olten Gösgen Gäu AG,19330220,,20250727,20250727
ch14uvag00000840,,173,SSIF,Società Subalpina Imprese Ferroviarie S.p.A.,Società Subalpina Imprese Ferroviarie S.p.A.,18000101,,20250727,20250727
ch14uvag00000405,CHE-106.010.523,542,BSGU,Busbetrieb Solothurn Grenchen und Umgebung AG,Busbetrieb Solothurn Grenchen und Umgebung AG,19640724,,20250727,20250727
ch14uvag00000969,CHE-105.978.379,182,VZO,Verkehrsbetriebe Zürichsee und Oberland (VZO) AG,Verkehrsbetriebe Zürichsee und Oberland (VZO) AG,18000101,,20250727,20250727
ch14uvag00000800,CHE-103.333.042,1166,SFT,Sportbahnen Hochwang AG,Sportbahnen Hochwang AG,18000101,,20250727,20250727
ch14uvag00000413,CHE-105.842.633,1167,BWA,"Bergbahnen Brigels, Waltensburg, Andiast SA","Bergbahnen Brigels, Waltensburg, Andiast SA",18000101,,20250727,20250727
ch14uvag00000767,CHE-105.812.483,1155,SBA,Sportbahnen Amden AG,Sportbahnen Amden AG,18000101,,20250727,20250727
ch14uvag00224709,CHE-107.684.115,1354,LPF,La Punt Ferien,La Punt Ferien,18000101,,20250727,20250727
ch14uvag00224713,,1356,SBT,Stadtbus Tuttlingen Klink GmbH,Stadtbus Tuttlingen Klink GmbH,18000101,,20250727,20250727
ch14uvag00000497,CHE-106.880.808,1063,FBS,Funivia Brusino-Arsizio/Serpiano SA,Funivia Brusino-Arsizio/Serpiano SA,18000101,,20250727,20250727
ch14uvag00000341,,1306,BALA,"Alexander Huser, Sporthotel Habkern","Alexander Huser, Sporthotel Habkern",18000101,,20250727,20250727
ch14uvag00000779,CHE-105.858.746,1181,SBP,Sportbahnen Pischa AG (LDP),Sportbahnen Pischa AG (LDP),18000101,,20250727,20250727
ch14uvag00000653,CHE-105.771.789,1145,LSS,Säntis-Schwebebahn AG,Säntis-Schwebebahn AG,18000101,,20250727,20250727
ch14uvag00000487,CHE-248.958.397,30,ETB,Emmentalbahn GmbH,Emmentalbahn GmbH,20131204,,20250727,20250727
ch14uvag00000596,CHE-106.996.339,598,LBB,Belalp Bahnen AG,Belalp Bahnen AG,18000101,,20250727,20250727
ch14uvag00000851,CHE-108.078.489,472,StoB,Stoosbahnen AG,Stoosbahnen AG,19320315,,20250727,20250727
ch14uvag00000812,CHE-103.027.823,1071,SJN,Sportbahnen Gampel-Jeizinen AG,Sportbahnen Gampel-Jeizinen AG,18000101,,20250727,20250727
ch14uvag00000299,CHE-106.643.533,1052,AH,Hammetschwand Lift AG,Hammetschwand Lift AG,18000101,,20250727,20250727
ch14uvag00000821,CHE-106.321.093,621,MGsa,Mouettes genevoises SA,Mouettes genevoises SA,19880804,,20250727,20250727
ch14uvag00000657,CHE-105.828.432,586,LUFAG,Luftseilbahn Unterterzen-Flumserberg AG,Luftseilbahn Unterterzen-Flumserberg AG,18000101,,20250727,20250727
ch14uvag00000889,CHE-105.976.854,519,TL,Transports Publics de la Région Lausannoise sa,Transports Publics de la Région Lausannoise sa,18950812,,20250727,20250727
ch14uvag00334756,,9097,ODV,On-Demand-Verkehre,On-Demand-Verkehre,18000101,,20250727,20250727
ch14uvag00000941,CHE-107.672.879,560,VBG,VBG Verkehrsbetriebe Glattal AG,VBG Verkehrsbetriebe Glattal AG,18000101,,20250727,20250727
ch14uvag00000610,CHE-106.889.985,1060,LFE,Luftseilbahn Flüelen-Eggberge AG Altdorf,Luftseilbahn Flüelen-Eggberge AG Altdorf,18000101,,20250727,20250727
ch14uvag00000843,CHE-101.392.849,44,ST,Sursee-Triengen-Bahn AG,Sursee-Triengen-Bahn AG,18000101,,20250727,20250727
ch14uvag00000412,CHE-108.955.044,303,BVB,Basler Verkehrs-Betriebe (BVB),Basler Verkehrs-Betriebe (BVB),18000101,,20250727,20250727
ch14uvag00000773,CHE-106.824.543,512,BuS,Bus und Service AG,Bus und Service AG,18000101,,20250727,20250727
ch14uvag00000906,CHE-102.954.307,522,TPL,TRASPORTI PUBBLICI LUGANESI SA (TPL),TRASPORTI PUBBLICI LUGANESI SA (TPL),19991229,,20250727,20250727
ch14uvag00000984,CHE-105.929.949,183,AVA,Aargau Verkehr AG (AVA),Aargau Verkehr AG (AVA),18000101,,20250727,20250727
ch14uvag00000681,CHE-105.735.581,212,MVR,Transports Montreux-Vevey-Riviera SA,Transports Montreux-Vevey-Riviera SA,19851203,,20250727,20250727
ch14uvag00000600,CHE-107.856.540,1036,DIALA,Diavolezza Lagalb AG,Diavolezza Lagalb AG,18000101,,20250727,20250727
ch14uvag00000687,CHE-104.005.959,620,NLB,NLB S.A.,NLB S.A.,19971222,,20250727,20250727
ch14uvag00000664,CHE-105.950.174,120,MBC,Transports de la région Morges-Bière-Cossonay SA,Transports de la région Morges-Bière-Cossonay SA,18940220,,20250727,20250727
ch14uvag00000817,CHE-105.843.288,473,SMC,"Compagnie de Chemin de Fer et d'Autobus Sierre-Montana-Crans, (SMC) SA","Compagnie de Chemin de Fer et d'Autobus Sierre-Montana-Crans, (SMC) SA",18000101,,20250727,20250727
ch14uvag00000400,CHE-105.795.809,1234,BSAG,Bergbahnen Sörenberg AG,Bergbahnen Sörenberg AG,18000101,,20250727,20250727
ch14uvag00000436,CHE-103.665.314,88,CSG,Associazione CSG Swiss Railpark St. Gotthard ,Associazione CSG Swiss Railpark St. Gotthard ,19800521,,20250727,20250727
ch14uvag00000905,CHE-108.954.323,316,TPG,Transports publics genevois (TPG),Transports publics genevois (TPG),18000101,,20250727,20250727
ch14uvag00343582,CHE-447.364.492,1381,GAA,Gander Autocar Sàrl,Gander Autocar Sàrl,18000101,,20250727,20250727
ch14uvag00000590,CHE-106.888.158,1273,LAA,Luftseilbahngenossenschaft Amsteg-Arnisee,Luftseilbahngenossenschaft Amsteg-Arnisee,18000101,,20250727,20250727
ch14uvag00000642,CHE-114.857.875,595,LRU,Gemeinde Unterbäch,Gemeinde Unterbäch,18000101,,20250727,20250727
ch14uvag00000518,CHE-105.948.875,1118,FSCR,Officine idroelettriche della Maggia SA,Officine idroelettriche della Maggia SA,18000101,,20250727,20250727
ch14uvag00000422,CHE-115.057.699,9821,CdP,Comune di Poschiavo,Comune di Poschiavo,18000101,,20250727,20250727
ch14uvag00000856,CHE-337.328.235,9390,SUTU,Sumvitg Turissem,Sumvitg Turissem,18000101,,20250727,20250727
ch14uvag00000902,CHE-106.834.613,105,TPC,Transports Publics du Chablais SA,Transports Publics du Chablais SA,18000101,,20250727,20250727
ch14uvag00000813,CHE-382.221.000,1268,SK,Sportbahnen Kerenzerberg GmbH,Sportbahnen Kerenzerberg GmbH,20110610,,20250727,20250727
ch14uvag00000339,CHE-105.982.719,596,ABAG,Aletsch Bahnen AG,Aletsch Bahnen AG,18000101,,20250727,20250727
ch14uvag00000540,CHE-107.189.666,1082,GKO,Gondelbahn Kandersteg-Oeschinensee AG,Gondelbahn Kandersteg-Oeschinensee AG,19471004,,20250727,20250727
ch14uvag00249120,CHE-343.311.817,3123,HSLCH,HSL Schweiz GmbH,HSL Schweiz GmbH,18000101,,20250727,20250727
ch14uvag00000503,CHE-105.931.449,610,FHM,Zürichsee-Fähre Horgen-Meilen AG,Zürichsee-Fähre Horgen-Meilen AG,18000101,,20250727,20250727
ch14uvag00000628,CHE-101.319.982,141,LLB,Société anonyme des transports publics de Loèche-les-Bains et environs (L.L.B.),Société anonyme des transports publics de Loèche-les-Bains et environs (L.L.B.),19080711,,20250727,20250727
ch14uvag00000553,CHE-107.855.032,437,HB,Harderbahn AG,Harderbahn AG,18000101,,20250727,20250727
ch14uvag00000841,CHE-101.864.305,9898,SSM,Skilift Schilt AG Mollis,Skilift Schilt AG Mollis,19590627,,20250727,20250727
ch14uvag00000783,CHE-416.758.085,544,SBW,Stadt Winterthur,Stadt Winterthur,18000101,,20250727,20250727
ch14uvag00000410,CHE-260.438.074,755,BUV,Commune de Val de Bagnes,Commune de Val de Bagnes,18000101,,20250727,20250727
ch14uvag00000429,CHE-105.944.653,40,CJ,Compagnie des Chemins de fer du Jura (C.J.) SA,Compagnie des Chemins de fer du Jura (C.J.) SA,18000101,,20250727,20250727
ch14uvag00000857,CHE-108.954.932,306,SVB,Städtische Verkehrsbetriebe Bern (SVB) ,Städtische Verkehrsbetriebe Bern (SVB) ,18000101,,20250727,20250727
ch14uvag00000402,CHE-101.125.449,603,BSG,Bielersee-Schifffahrts-Gesellschaft AG,Bielersee-Schifffahrts-Gesellschaft AG,18000101,,20250727,20250727
ch14uvag00000898,CHE-106.990.271,1044,TMSA,TéléMarécottes S.A.,TéléMarécottes S.A.,18000101,,20250727,20250727
ch14uvag00000285,CHE-112.386.534,508,AAGL,Autobus AG Liestal Öffentlicher Verkehr,Autobus AG Liestal Öffentlicher Verkehr,20050603,,20250727,20250727
ch14uvag00000958,CHE-197.828.084,367,VLM,Verkehrsbetrieb LIECHTENSTEINmobil,Verkehrsbetrieb LIECHTENSTEINmobil,18000101,,20250727,20250727
ch14uvag00224185,CHE-103.475.334,1348,ZZAG,Z-Zerzuben AG,Z-Zerzuben AG,20120629,,20250727,20250727
ch14uvag00000918,CHE-107.770.329,1030,TTM,Centre Touristique Gruyères-Moléson-Vudalla S.A.,Centre Touristique Gruyères-Moléson-Vudalla S.A.,18000101,,20250727,20250727
ch14uvag00000854,CHE-101.888.145,1143,STT,Bergbahnen Tschiertschen AG,Bergbahnen Tschiertschen AG,18000101,,20250727,20250727
ch14uvag00000382,CHE-104.099.742,573,BLWE,Genossenschaft Busbetrieb Lichtensteig-Wattwil-Ebnat-Kappel,Genossenschaft Busbetrieb Lichtensteig-Wattwil-Ebnat-Kappel,18000101,,20250727,20250727
ch14uvag00107875,CHE-310.262.336,1315,FMCM,Patriziato di Monte Carasso,Patriziato di Monte Carasso,18000101,,20250727,20250727
ch14uvag00000468,CHE-113.802.311,2864,EDG,LTE Schweiz GmbH,LTE Schweiz GmbH,20070906,,20250727,20250727
ch14uvag00000814,CHE-101.276.663,1089,SKR,Wolzenalp AG,Wolzenalp AG,18000101,,20250727,20250727
ch14uvag00000291,CHE-308.289.797,704,ABF,Gemeinde Freienbach,Gemeinde Freienbach,18000101,,20250727,20250727
ch14uvag00000649,CHE-137.374.725,583,LSG,Luftseilbahn Stalden - Staldenried - Gspon,Luftseilbahn Stalden - Staldenried - Gspon,18000101,,20250727,20250727
ch14uvag00000366,CHE-105.273.876,1037,BFL,WEISSE ARENA BERGBAHNEN AG,WEISSE ARENA BERGBAHNEN AG,18000101,,20250727,20250727
ch14uvag00000838,CHE-103.377.051,1175,SSA,Sportbahnen Atzmännig AG,Sportbahnen Atzmännig AG,18000101,,20250727,20250727
ch14uvag00000370,CHE-105.859.496,1020,BGR,Bergbahnen Rinerhorn AG,Bergbahnen Rinerhorn AG,18000101,,20250727,20250727
ch14uvag00225173,CHE-108.422.753,8,SBS,Schweizerische Bodensee-Schifffahrt AG,Schweizerische Bodensee-Schifffahrt AG,18000101,,20250727,20250727
ch14uvag00000804,CHE-107.122.219,604,SGH,Schifffahrtsgesellschaft Hallwilersee AG,Schifffahrtsgesellschaft Hallwilersee AG,18000101,,20250727,20250727
ch14uvag00000396,CHE-105.934.904,204,BRB,Brienz Rothorn Bahn AG,Brienz Rothorn Bahn AG,18000101,,20250727,20250727
ch14uvag00000942,CHE-115.094.588,518,VBH,Gemeinde Herisau,Gemeinde Herisau,18000101,,20250727,20250727
ch14uvag00165724,CHE-331.018.109,1326,ANAT,Association neuchâteloise des Amis du Tramway ANAT,Association neuchâteloise des Amis du Tramway ANAT,20160225,,20250727,20250727
ch14uvag00000618,CHE-105.858.663,1176,LHB,Lenzerheide Bergbahnen AG,Lenzerheide Bergbahnen AG,18000101,,20250727,20250727
ch14uvag00000326,CHE-115.081.812,818,ASTA,Stadt Amriswil,Stadt Amriswil,18000101,,20250727,20250727
ch14uvag00000466,CHE-114.849.663,550,EBZ,Gemeinde Zermatt,Gemeinde Zermatt,18000101,,20250727,20250727
ch14uvag00000651,CHE-107.189.778,1286,LSKA,Luftseilbahn Kandersteg-Allmenalp AG ,Luftseilbahn Kandersteg-Allmenalp AG ,19840112,,20250727,20250727
ch14uvag00000409,CHE-115.486.592,325,BUM,Ville de Martigny,Ville de Martigny,18000101,,20250727,20250727
ch14uvag00000768,CHE-103.374.733,1148,SBAD,Bergün Filisur Tourismus AG,Bergün Filisur Tourismus AG,18000101,,20250727,20250727
ch14uvag00000378,CHE-112.898.515,16,BLS,BLS AG,BLS AG,20060424,,20250727,20250727
ch14uvag00000723,CHE-105.593.128,1305,PRH,PRO REGIO HUTTWIL Verkehrsverein ,PRO REGIO HUTTWIL Verkehrsverein ,20070328,,20250727,20250727
ch14uvag00000604,CHE-107.197.039,1049,LEE,"Elsigenalpbahnen AG Frutigen, Luftseilbahn und Skilifte","Elsigenalpbahnen AG Frutigen, Luftseilbahn und Skilifte",18000101,,20250727,20250727
ch14uvag00000694,CHE-115.645.732,338,OBSM,"Gemeinde St. Moritz, Ortsbus","Gemeinde St. Moritz, Ortsbus",18000101,,20250727,20250727
ch14uvag00000491,CHE-107.448.862,1272,EWF,Eurobus welti-furrer AG ,Eurobus welti-furrer AG ,19930204,,20250727,20250727
ch14uvag00000335,CHE-105.942.281,365,AVJ,Société anonyme des auto-transports de la Vallée de Joux A.V.J. ,Société anonyme des auto-transports de la Vallée de Joux A.V.J. ,19200602,,20250727,20250727
ch14uvag00000570,,1240,ITLN,Comune di Acquarossa,Comune di Acquarossa,18000101,,20250727,20250727
ch14uvag00107831,CHE-420.087.756,1316,PAGT,Pradaschier AG Top,Pradaschier AG Top,20141020,,20250727,20250727
ch14uvag00000498,CHE-106.364.949,804,FCA,FUNICAR AG,FUNICAR AG,18000101,,20250727,20250727
ch14uvag00000890,CHE-414.951.903,1314,TLFC,TéléLaFouly-ChampexLac SA,TéléLaFouly-ChampexLac SA,20131119,,20250727,20250727
ch14uvag00165672,CHE-399.996.888,1320,LTBAG,LTB Lungern-Turren-Bahn AG,LTB Lungern-Turren-Bahn AG,20150721,,20250727,20250727
ch14uvag00065408,CHE-456.125.779,2799,BBMAG,Bergbahnen Malbun AG,Bergbahnen Malbun AG,18000101,,20250727,20250727
ch14uvag00000992,CHE-105.846.594,488,ZBB,Zugerbergbahn AG,Zugerbergbahn AG,19060110,,20250727,20250727
ch14uvag00000342,CHE-108.107.719,407,BB,Bürgenstock Bahn AG ,Bürgenstock Bahn AG ,18000101,,20250727,20250727
ch14uvag00000388,CHE-101.404.352,114,BOB,Berner Oberland-Bahnen AG,Berner Oberland-Bahnen AG,19481104,,20250727,20250727
ch14uvag00000733,CHE-101.388.807,201,RB,RIGI BAHNEN AG,RIGI BAHNEN AG,18830614,,20250727,20250727
ch14uvag00000961,CHE-105.413.901,82,VMik,Mikado 1244,Mikado 1244,18000101,,20250727,20250727
ch14uvag00000822,CHE-105.809.765,470,SMtS,Funiculaire Saint-Imier - Mont-Soleil SA,Funiculaire Saint-Imier - Mont-Soleil SA,18000101,,20250727,20250727
ch14uvag00000718,CHE-103.010.515,1252,PIZAG,Pizolbahnen AG,Pizolbahnen AG,18000101,,20250727,20250727
ch14uvag00000393,CHE-115.085.081,788,BPB,Comune di Personico,Comune di Personico,18000101,,20250727,20250727
ch14uvag00000374,CHE-105.996.259,1057,BHY,Ferien- und Sportzentrum Hoch-Ybrig AG,Ferien- und Sportzentrum Hoch-Ybrig AG,18000101,,20250727,20250727
ch14uvag00248799,CHE-114.166.386,1370,ARAT,ARATOURS SA,ARATOURS SA,18000101,,20250727,20250727
ch14uvag00000913,CHE-106.890.184,480,TSB,Treib-Seelisberg-Bahn AG,Treib-Seelisberg-Bahn AG,18000101,,20250727,20250727
ch14uvag00000765,CHE-101.917.775,1066,SAW,Sportbahnen Axalp Windegg AG,Sportbahnen Axalp Windegg AG,18000101,,20250727,20250727
ch14uvag00165858,,1329,TDEV74,"Transdev Haute Savoie, SARL ","Transdev Haute Savoie, SARL ",18000101,,20250727,20250727
ch14uvag00000805,CHE-199.439.428,605,SGV,Schifffahrtsgesellschaft des Vierwaldstättersees (SGV) AG,Schifffahrtsgesellschaft des Vierwaldstättersees (SGV) AG,20180420,,20250727,20250727
ch14uvag00000978,CHE-101.005.006,1163,WG,Wasserngrat 2000 AG,Wasserngrat 2000 AG,18000101,,20250727,20250727
ch14uvag00000490,CHE-101.461.019,81,ev,EUROVAPOR,EUROVAPOR,18000101,,20250727,20250727
ch14uvag00354738,,9092,VBA,Verein Bus alpin,Verein Bus alpin,18000101,,20250727,20250727
ch14uvag00000613,CHE-105.761.733,1016,TUG,Touristische Unternehmung Grächen AG,Touristische Unternehmung Grächen AG,18000101,,20250727,20250727
ch14uvag00000925,CHE-105.757.619,1094,TVCM,Société de la Télécabine de Vercorin SA ,Société de la Télécabine de Vercorin SA ,18000101,,20250727,20250727
ch14uvag00000824,CHE-108.077.716,614,SNL,SNL - SOCIETÀ NAVIGAZIONE DEL LAGO DI LUGANO S.A.,SNL - SOCIETÀ NAVIGAZIONE DEL LAGO DI LUGANO S.A.,19830331,,20250727,20250727
ch14uvag00000588,CHE-105.947.143,148,KWO,Kraftwerke Oberhasli AG,Kraftwerke Oberhasli AG,18000101,,20250727,20250727
ch14uvag00224714,,828,ABG,Alsa Bustours Gex SAS,Alsa Bustours Gex SAS,20191015,,20250727,20250727
ch14uvag00000991,CHE-107.913.882,1105,ZBAG,Zermatt Bergbahnen AG,Zermatt Bergbahnen AG,18000101,,20250727,20250727
ch14uvag00000874,CHE-103.327.202,1028,TBR,"Télésiège Buttes - La Robella et Téleskis Chasseron Nord (T.B.R.C.), Société coopérative","Télésiège Buttes - La Robella et Téleskis Chasseron Nord (T.B.R.C.), Société coopérative",18000101,,20250727,20250727
ch14uvag00383281,,1393,VAVT,VerticAlp Vallée du Trient SA,VerticAlp Vallée du Trient SA,18000101,,20250727,20250727
ch14uvag00000713,CHE-103.197.767,213,PB,PILATUS-BAHNEN AG,PILATUS-BAHNEN AG,18000101,,20250727,20250727
ch14uvag00000615,CHE-114.858.633,692,LGJ,Gemeinde Gampel-Bratsch,Gemeinde Gampel-Bratsch,18000101,,20250727,20250727
ch14uvag00000938,CHE-115.974.414,507,VB TPB,Verkehrsbetriebe Biel,Verkehrsbetriebe Biel,20130918,,20250727,20250727
ch14uvag00249260,,6010,ARRIT,ARRIVA ITALIA S.r.l.,ARRIVA ITALIA S.r.l.,18000101,,20250727,20250727
ch14uvag00248873,,9732,Cent,Comune delle Centovalli,Comune delle Centovalli,18000101,,20250727,20250727
ch14uvag00000769,CHE-102.909.703,1,SBB CFF FFS,Schweizerische Bundesbahnen SBB,Schweizerische Bundesbahnen SBB,19990712,,20250727,20250727
ch14uvag00224155,CHE-115.061.672,815,GCS,Gemeinde Celerina/Schlarigna,Gemeinde Celerina/Schlarigna,18000101,,20250727,20250727
ch14uvag00000297,CHE-109.266.071,9896,AFN,Armin Fischli GmbH,Armin Fischli GmbH,18000101,,20250727,20250727
ch14uvag00166344,CHE-114.398.821,1332,GTBE,Genossenschaft Tschinglenbahn Elm,Genossenschaft Tschinglenbahn Elm,20080702,,20250727,20250727
ch14uvag00000386,CHE-108.084.219,1154,BO,Bergbahnen Obersaxen AG,Bergbahnen Obersaxen AG,18000101,,20250727,20250727
ch14uvag00107779,CHE-261.070.829,251,TPF,Transports publics fribourgeois Trafic (TPF TRAFIC) SA,Transports publics fribourgeois Trafic (TPF TRAFIC) SA,18000101,,20250727,20250727
ch14uvag00000853,CHE-131.510.705,476,StSS,Standseilbahn Schwyz - Stoos AG,Standseilbahn Schwyz - Stoos AG,18000101,,20250727,20250727
ch14uvag00000578,CHE-106.609.312,823,JVTT,José Vogel,José Vogel,18000101,,20250727,20250727
ch14uvag00384132,CHE-267.601.932,1379,ALTRA,Alpintrans GmbH,Alpintrans GmbH,18000101,,20250727,20250727
ch14uvag00000816,,2975,SLB,"Salzburg AG, Salzburger Lokalbahn","Salzburg AG, Salzburger Lokalbahn",18000101,,20250727,20250727
ch14uvag00000319,CHE-115.081.491,805,ASA,Stadt Arbon,Stadt Arbon,18000101,,20250727,20250727
ch14uvag00000546,CHE-115.540.398,9388,GRO,Gemeinde Rongellen,Gemeinde Rongellen,18000101,,20250727,20250727
ch14uvag00000571,CHE-105.894.104,1112,ITRT,Monte Tamaro SA,Monte Tamaro SA,18000101,,20250727,20250727
ch14uvag00000660,CHE-107.195.388,1217,LWM,Luftseilbahn Wengen-Männlichen AG,Luftseilbahn Wengen-Männlichen AG,18000101,,20250727,20250727
ch14uvag00000633,CHE-106.909.688,1106,LMW,Luftseilbahngenossenschaft Weissenberg,Luftseilbahngenossenschaft Weissenberg,18000101,,20250727,20250727
ch14uvag00000811,CHE-107.909.691,1249,SJAG,Jaun-Gastlosen Bergbahnen AG,Jaun-Gastlosen Bergbahnen AG,19670203,,20250727,20250727
ch14uvag00000788,,1156,SCT,Einfache Gesellschaft Crappa,Einfache Gesellschaft Crappa,18000101,,20250727,20250727
ch14uvag00000495,CHE-105.949.975,129,FB,Forchbahn AG,Forchbahn AG,18000101,,20250727,20250727
ch14uvag00000385,,754,BNP,Municipalité de Nyon,Municipalité de Nyon,18000101,,20250727,20250727
ch14uvag00000353,CHE-107.290.118,1158,BBWAG,Bergbahnen Wildhaus AG,Bergbahnen Wildhaus AG,18000101,,20250727,20250727
ch14uvag00000859,CHE-107.904.274,1208,SVGa,Visit Vals AG,Visit Vals AG,18000101,,20250727,20250727
ch14uvag00000376,CHE-112.982.854,1911,BLAG,Busland AG,Busland AG,20060619,,20250727,20250727
ch14uvag00000728,CHE-107.932.891,1913,RAA,Moosalp Bergbahnen AG,Moosalp Bergbahnen AG,18000101,,20250727,20250727
ch14uvag00000881,,694,TDCA,Commune de Dorénaz,Commune de Dorénaz,18000101,,20250727,20250727
ch14uvag00000480,CHE-106.946.790,638,EMAG,"Ernst Mändli AG, Schifffahrtsbetrieb und Bootsbau","Ernst Mändli AG, Schifffahrtsbetrieb und Bootsbau",18000101,,20250727,20250727
ch14uvag00224160,CHE-114.853.446,1349,CCh,Commune de Chalais,Commune de Chalais,18000101,,20250727,20250727
ch14uvag00000659,CHE-105.966.229,1216,LWE,Luftseilbahn Wasserauen-Ebenalp AG,Luftseilbahn Wasserauen-Ebenalp AG,18000101,,20250727,20250727
ch14uvag00000622,CHE-114.850.407,584,LKE,Gemeinde Embd,Gemeinde Embd,18000101,,20250727,20250727
ch14uvag00225157,CHE-396.301.450,1359,CAS,Cassons AG,Cassons AG,20160129,,20250727,20250727
ch14uvag00000891,CHE-105.872.605,1192,TLLM,Télé-Evolène SA,Télé-Evolène SA,18000101,,20250727,20250727
ch14uvag00000689,CHE-105.816.676,615,NLM,"Navigazione sul Lago Maggiore, Gestione governativa","Navigazione sul Lago Maggiore, Gestione governativa",18000101,,20250727,20250727
ch14uvag00225161,CHE-295.745.683,690,LMR,Luftseilbahn Meiringen-Reuti AG,Luftseilbahn Meiringen-Reuti AG,20200618,,20250727,20250727
ch14uvag00000585,,809,KRÖBU,Rudolf und Heidi Gerber-Salzmann,Rudolf und Heidi Gerber-Salzmann,18000101,,20250727,20250727
ch14uvag00000572,CHE-101.310.030,1147,ITSB,San Bernardino SA Impianti Turistici,San Bernardino SA Impianti Turistici,19701026,,20250727,20250727
ch14uvag00000790,CHE-104.831.207,1027,SEA,Sportbahnen Eischoll Augstbordregion AG,Sportbahnen Eischoll Augstbordregion AG,19980917,,20250727,20250727
ch14uvag00000623,CHE-106.909.062,1084,LKM,Luftseilbahn Kies-Mettmen AG,Luftseilbahn Kies-Mettmen AG,18000101,,20250727,20250727
ch14uvag00000688,CHE-102.222.960,619,NLJ,Compagnie de navigation sur le Lac de Joux société coopérative,Compagnie de navigation sur le Lac de Joux société coopérative,19770427,,20250727,20250727
ch14uvag00000581,CHE-103.673.667,1169,KBS,Kaisereggbahnen Schwarzsee AG,Kaisereggbahnen Schwarzsee AG,18000101,,20250727,20250727
ch14uvag00000350,CHE-115.050.763,757,BBO,Gemeinde Eschenbach (SG),Gemeinde Eschenbach (SG),18000101,,20250727,20250727
ch14uvag00000554,CHE-218.049.573,5,HBS,Hafenbahn Schweiz AG,Hafenbahn Schweiz AG,20101227,,20250727,20250727
ch14uvag00000678,CHE-288.072.844,1296,MTB,Mountain Tour Bergün GmbH,Mountain Tour Bergün GmbH,18000101,,20250727,20250727
ch14uvag00000513,CHE-184.626.051,812,FRG,Förderverein Region Gantrisch,Förderverein Region Gantrisch,18000101,,20250727,20250727
ch14uvag00000398,CHE-106.067.368,408,BRSB,Braunwald-Standseilbahn AG,Braunwald-Standseilbahn AG,19940812,,20250727,20250727
ch14uvag00000709,CHE-112.242.941,7,PAG,PostAuto AG,PostAuto AG,20050223,,20250727,20250727
ch14uvag00000691,CHE-105.893.613,152,NStCM,Compagnie du chemin de fer Nyon-St-Cergue-Morez SA ,Compagnie du chemin de fer Nyon-St-Cergue-Morez SA ,19120912,,20250727,20250727
ch14uvag00000437,CHE-110.634.856,1291,CTR,Comunità del Tremorgio SA,Comunità del Tremorgio SA,20040426,,20250727,20250727
ch14uvag00380509,CHE-278.143.135,1380,BAL,Bergbahnen Adelboden-Lenk AG,Bergbahnen Adelboden-Lenk AG,18000101,,20250727,20250727
ch14uvag00000803,CHE-107.165.387,611,SGG,SCHIFFFAHRTS-GENOSSENSCHAFT GREIFENSEE,SCHIFFFAHRTS-GENOSSENSCHAFT GREIFENSEE,18000101,,20250727,20250727
ch14uvag00000968,CHE-100.928.598,87,VVT,Vapeur Val-de-Travers (VVT) ,Vapeur Val-de-Travers (VVT) ,20000519,,20250727,20250727
ch14uvag00000544,CHE-114.809.356,1276,GR,Cantone di Grigioni,Cantone di Grigioni,18000101,,20250727,20250727
ch14uvag00000802,CHE-101.918.208,1281,SGES,Seilbahngenossenschaft Embd-Schalb,Seilbahngenossenschaft Embd-Schalb,19880808,,20250727,20250727
ch14uvag00000635,CHE-105.896.876,602,LNM,LNM NAVIGATION SA,LNM NAVIGATION SA,19230905,,20250727,20250727
ch14uvag00000825,CHE-109.387.941,19,SOB,Schweizerische Südostbahn AG,Schweizerische Südostbahn AG,18000101,,20250727,20250727
ch14uvag00000629,CHE-106.008.199,1097,LLG,Luftseilbahn Leukerbad-Gemmipass AG,Luftseilbahn Leukerbad-Gemmipass AG,18000101,,20250727,20250727
ch14uvag00000338,CHE-110.512.992,1041,BA,Bergbahnen Adelboden AG,Bergbahnen Adelboden AG,20040203,,20250727,20250727
ch14uvag00000525,CHE-112.513.264,1100,G3AG,Gstaad 3000 AG,Gstaad 3000 AG,18000101,,20250727,20250727
ch14uvag00000531,CHE-493.313.204,1239,GBD,Grimmialpbergbahnen Diemtigtal AG,Grimmialpbergbahnen Diemtigtal AG,20120116,,20250727,20250727
ch14uvag00000454,CHE-105.769.522,1024,DKB,Davos Klosters Bergbahnen AG,Davos Klosters Bergbahnen AG,18000101,,20250727,20250727
ch14uvag00000644,CHE-105.848.185,1146,LS,Bergbahnen Samnaun AG,Bergbahnen Samnaun AG,18000101,,20250727,20250727
ch14uvag00354739,CHE-105.783.077,9091,SAB,Schweizerische Arbeitsgemeinschaft für die Berggebiete (SAB),Schweizerische Arbeitsgemeinschaft für die Berggebiete (SAB),18000101,,20250727,20250727
ch14uvag00165728,CHE-115.060.655,826,RSZ,Bürgerbus Rüderswil,Bürgerbus Rüderswil,18000101,,20250727,20250727
ch14uvag00000830,CHE-101.888.889,1160,SPL,Alp Languard AG,Alp Languard AG,18000101,,20250727,20250727
ch14uvag00000494,CHE-105.949.053,142,FART,Società per le Ferrovie Autolinee Regionali Ticinesi (FART) Società Anonima,Società per le Ferrovie Autolinee Regionali Ticinesi (FART) Società Anonima,19100118,,20250727,20250727
ch14uvag00000861,CHE-109.087.574,1294,SWAG,Seilbahn Weissenstein AG,Seilbahn Weissenstein AG,20010522,,20250727,20250727
ch14uvag00225150,,1358,SAST,SAEM Sports et Tourisme,SAEM Sports et Tourisme,18000101,,20250727,20250727
ch14uvag00000970,CHE-101.620.677,219,WAB,Wengernalpbahn AG,Wengernalpbahn AG,18000101,,20250727,20250727
ch14uvag00000867,CHE-104.797.823,637,SZR,Schifffahrtsgesellschaft Züri Rhy AG,Schifffahrtsgesellschaft Züri Rhy AG,19980817,,20250727,20250727
ch14uvag00220994,CHE-115.065.279,1344,GDLZ,Gemeinde Luzein,Gemeinde Luzein,18000101,,20250727,20250727
ch14uvag00000395,CHE-105.765.613,1123,BPM,Bergbahnen Piz Mundaun AG,Bergbahnen Piz Mundaun AG,18000101,,20250727,20250727
ch14uvag00380707,CHE-105.815.665,1384,MAB,Margarethen-Bus AG,Margarethen-Bus AG,18000101,,20250727,20250727
ch14uvag00000591,CHE-106.889.011,1275,LABAG,Luftseilbahn Attinghausen-Brüsti AG ,Luftseilbahn Attinghausen-Brüsti AG ,19741118,,20250727,20250727
ch14uvag00001003,,2022,TAC,Transports annemassiens collectifs,Transports annemassiens collectifs,18000101,,20250727,20250727
ch14uvag00000896,CHE-105.865.284,1193,TMN,Télé Mont-Noble SA,Télé Mont-Noble SA,18000101,,20250727,20250727
ch14uvag00000401,,642,BSB,Bodensee-Schiffsbetriebe GmbH,Bodensee-Schiffsbetriebe GmbH,18000101,,20250727,20250727
ch14uvag00000950,CHE-101.500.984,84,VDBB,Verein Dampfbahn Bern - Konolfingen,Verein Dampfbahn Bern - Konolfingen,20001030,,20250727,20250727
ch14uvag00000864,,1981,SWK,Stadtwerke Konstanz,Stadtwerke Konstanz,18000101,,20250727,20250727
ch14uvag00000289,CHE-105.928.358,109,AB,Appenzeller Bahnen AG,Appenzeller Bahnen AG,18860726,,20250727,20250727
ch14uvag00000457,CHE-107.807.808,452,DMB,Drahtseilbahn Marzili-Stadt Bern AG,Drahtseilbahn Marzili-Stadt Bern AG,18000101,,20250727,20250727
ch14uvag00107789,CHE-101.921.104,1914,FZAG,Flughafen Zürich AG,Flughafen Zürich AG,18000101,,20250727,20250727
ch14uvag00000914,CHE-110.540.238,600,TSD,Theytaz Excursions SA,Theytaz Excursions SA,20040226,,20250727,20250727
ch14uvag00000807,CHE-108.078.147,1168,SHAG,Sattel-Hochstuckli AG,Sattel-Hochstuckli AG,19500121,,20250727,20250727
ch14uvag00000614,CHE-106.888.164,1284,LGIA,Luftseilbahngenossenschaft Intschi-Arnisee,Luftseilbahngenossenschaft Intschi-Arnisee,19460126,,20250727,20250727
ch14uvag00000589,CHE-105.798.044,1283,KWS,Kraftwerk Sanetsch AG (KWS) ,Kraftwerk Sanetsch AG (KWS) ,19590810,,20250727,20250727
ch14uvag00000391,CHE-107.283.779,334,BOS,BUS Ostschweiz AG,BUS Ostschweiz AG,18000101,,20250727,20250727
ch14uvag00000993,CHE-104.365.754,89,ZMB,Zürcher Museums-Bahn (ZMB),Zürcher Museums-Bahn (ZMB),18000101,,20250727,20250727
ch14uvag00221001,,1343,SERMA,Société d'exploitation des remontées mecaniques de Morzine Avoriaz,Société d'exploitation des remontées mecaniques de Morzine Avoriaz,18000101,,20250727,20250727
ch14uvag00000959,CHE-114.410.356,543,VMCV,VMCV SA,VMCV SA,18861122,,20250727,20250727
ch14uvag00000327,CHE-115.081.835,807,ASTB,Stadt Bischofszell,Stadt Bischofszell,18000101,,20250727,20250727
ch14uvag00000834,CHE-106.893.969,1134,SRR,Rotenfluebahn Mythenregion AG ,Rotenfluebahn Mythenregion AG ,19560519,,20250727,20250727
ch14uvag00000668,CHE-105.878.039,207,MG,Ferrovia Monte Generoso SA,Ferrovia Monte Generoso SA,19801229,,20250727,20250727
ch14uvag00000912,CHE-150.621.570,47,TRN,Transports Publics Neuchâtelois SA,Transports Publics Neuchâtelois SA,20120703,,20250727,20250727
ch14uvag00166308,,1330,THP,Trägerverein Historische Postautolinie,Trägerverein Historische Postautolinie,18000101,,20250727,20250727
ch14uvag00224027,CHE-115.989.976,1347,ZHLV,Liegenschaften Stadt Zürich,Liegenschaften Stadt Zürich,18000101,,20250727,20250727
ch14uvag00000332,CHE-229.764.131,1269,AUT,Andermatt-Urserntal Tourismus GmbH,Andermatt-Urserntal Tourismus GmbH,20110404,,20250727,20250727
ch14uvag00000774,CHE-105.742.718,1177,SBE,Sportbahnen Elm AG,Sportbahnen Elm AG,18000101,,20250727,20250727
ch14uvag00000974,CHE-115.058.003,1906,WETA,Gemeinde Walperswil,Gemeinde Walperswil,18000101,,20250727,20250727
ch14uvag00000966,CHE-115.083.550,551,VSK,Stadt Kreuzlingen,Stadt Kreuzlingen,18000101,,20250727,20250727
ch14uvag00000317,CHE-105.937.110,145,ARL,Società Autolinee Regionali Luganesi,Società Autolinee Regionali Luganesi,19070404,,20250727,20250727
ch14uvag00000597,CHE-106.888.856,1304,LBER,Luftseilbahngenossenschaft Brügg-Eierschwand-Ruogig,Luftseilbahngenossenschaft Brügg-Eierschwand-Ruogig,18000101,,20250727,20250727
ch14uvag00000465,CHE-105.979.887,1292,EBS,ebs Energie AG,ebs Energie AG,19520311,,20250727,20250727
ch14uvag00351121,,653,SFL,Harald Lang Schifffahrt & Bootsverleih,Harald Lang Schifffahrt & Bootsverleih,18000101,,20250727,20250727
ch14uvag00000858,CHE-106.986.022,1072,SVG,GIW AG Visperterminen,GIW AG Visperterminen,18000101,,20250727,20250727
ch14uvag00000643,CHE-106.123.825,1011,LRW,Stiftung Luftseilbahn Reigoldswil-Wasserfallen LRW,Stiftung Luftseilbahn Reigoldswil-Wasserfallen LRW,18000101,,20250727,20250727
ch14uvag00000453,CHE-105.920.196,438,DIH,Drahtseilbahn Interlaken - Heimwehfluh AG,Drahtseilbahn Interlaken - Heimwehfluh AG,18000101,,20250727,20250727
ch14uvag00000524,CHE-105.689.395,1227,FWS,Franz Weiss-Wacker,Franz Weiss-Wacker,18000101,,20250727,20250727
ch14uvag00000744,CHE-108.814.774,335,RiT,Riffelalp Resort AG,Riffelalp Resort AG,18000101,,20250727,20250727
ch14uvag00000541,CHE-107.196.318,1285,GLIS,Genossenschaft Luftseilbahn Isenfluh-Sulwald,Genossenschaft Luftseilbahn Isenfluh-Sulwald,19730620,,20250727,20250727
ch14uvag00000609,CHE-106.008.532,1056,LFCh,Luftseilbahn Fell-Chrüzhütte (LFCh) AG,Luftseilbahn Fell-Chrüzhütte (LFCh) AG,18000101,,20250727,20250727
ch14uvag00000848,CHE-105.741.736,475,SthB,Stanserhorn-Bahn-Aktiengesellschaft,Stanserhorn-Bahn-Aktiengesellschaft,18000101,,20250727,20250727
ch14uvag00000304,CHE-109.413.432,796,ALEX,"Verein Aletsch-Express, Bettmeralp-Riederalp","Verein Aletsch-Express, Bettmeralp-Riederalp",18000101,,20250727,20250727
ch14uvag00000705,CHE-115.061.850,1903,OUW,Einwohnergemeinde Walterswil (BE),Einwohnergemeinde Walterswil (BE),18000101,,20250727,20250727
ch14uvag00001240,CHE-114.580.544,2533,INTT,INTERTOURS ME SARL,INTERTOURS ME SARL,18000101,,20250727,20250727
ch14uvag00000343,CHE-106.026.518,502,BBA,Busbetrieb Aarau AG (BBA),Busbetrieb Aarau AG (BBA),18000101,,20250727,20250727
ch14uvag00000715,CHE-103.921.463,489,PBZ,UBS-Polybahn AG,UBS-Polybahn AG,18000101,,20250727,20250727
ch14uvag00224711,CHE-112.997.175,801,BRER,Schneider Linienbus AG,Schneider Linienbus AG,20060627,,20250727,20250727
ch14uvag00000947,CHE-115.974.319,539,VBSH,Verkehrsbetriebe Schaffhausen,Verkehrsbetriebe Schaffhausen,20190614,,20250727,20250727
ch14uvag00165685,CHE-429.938.461,1321,LKRS,Luftseilbahn Kräbel - Rigi Scheidegg AG,Luftseilbahn Kräbel - Rigi Scheidegg AG,20141216,,20250727,20250727
ch14uvag00000946,CHE-108.954.889,537,VBSG,Verkehrsbetriebe St. Gallen,Verkehrsbetriebe St. Gallen,18000101,,20250727,20250727
ch14uvag00220977,CHE-114.859.733,1339,BCN,Commune de Nendaz,Commune de Nendaz,18000101,,20250727,20250727
ch14uvag00000695,CHE-105.802.131,746,OBW,Weggis Vitznau Rigi Tourismus,Weggis Vitznau Rigi Tourismus,18000101,,20250727,20250727
ch14uvag00000776,,53,SBG,SBG SüdbadenBus GmbH,SBG SüdbadenBus GmbH,18000101,,20250727,20250727
ch14uvag00000927,CHE-104.723.718,1205,TVL,TELES-VICHERES-LIDDES SA,TELES-VICHERES-LIDDES SA,18000101,,20250727,20250727
ch14uvag00000626,CHE-103.508.726,1090,LKüS,Luftseilbahn Küssnacht-Seebodenalp AG,Luftseilbahn Küssnacht-Seebodenalp AG,19540119,,20250727,20250727
ch14uvag00000876,CHE-105.758.895,1033,TCP,Portes du Soleil Suisse SA,Portes du Soleil Suisse SA,19670103,,20250727,20250727
ch14uvag00000547,CHE-115.084.271,635,GSB,Politische Gemeinde Steckborn,Politische Gemeinde Steckborn,18000101,,20250727,20250727
ch14uvag00000608,CHE-112.324.160,1230,LFB,"Restaurant Bannalpsee, Marianne Annen-Bissig","Restaurant Bannalpsee, Marianne Annen-Bissig",18000101,,20250727,20250727
ch14uvag00000863,CHE-102.159.528,1219,SWG,Gamplüt Koller AG,Gamplüt Koller AG,19900111,,20250727,20250727
ch14uvag00000775,CHE-115.082.125,515,SBF,Gemeinde Frauenfeld,Gemeinde Frauenfeld,18000101,,20250727,20250727
ch14uvag00384362,CHE-106.488.333,1398,WETR,Weder Transport,Weder Transport,18000101,,20250727,20250727
ch14uvag00000936,CHE-109.839.630,2910,UTL,UTL UMWELT + TRANSPORTLOGISTIK AG,UTL UMWELT + TRANSPORTLOGISTIK AG,18000101,,20250727,20250727
ch14uvag00000346,CHE-106.078.484,1014,BBE,Bergbahnen Beckenried-Emmetten AG,Bergbahnen Beckenried-Emmetten AG,18000101,,20250727,20250727
ch14uvag00000308,CHE-109.651.782,1260,ALX,ALPINEXPRESS Sàrl ,ALPINEXPRESS Sàrl ,20021007,,20250727,20250727
ch14uvag00000894,CHE-100.721.258,479,TMF,Compagnie du chemin de fer Territet-Mont-Fleuri SA,Compagnie du chemin de fer Territet-Mont-Fleuri SA,19100404,,20250727,20250727
ch14uvag00000310,CHE-107.905.612,453,AMP,Elektrischer Personenaufzug Matte-Plattform AG,Elektrischer Personenaufzug Matte-Plattform AG,18000101,,20250727,20250727
ch14uvag00000425,CHE-102.870.627,436,CGI,Château Gütsch Immobilien AG,Château Gütsch Immobilien AG,19950718,,20250727,20250727
ch14uvag00334754,CHE-103.379.802,652,STP,Stiftung Paradies,Stiftung Paradies,18000101,,20250727,20250727
ch14uvag00000962,,1307,VNB,Verein Naturpark Beverin,Verein Naturpark Beverin,18000101,,20250727,20250727
ch14uvag00000336,CHE-115.979.340,358,AWA,Ortsgemeinde Amden,Ortsgemeinde Amden,18000101,,20250727,20250727
ch14uvag00000909,CHE-109.263.121,37,TRAVYS,TRAVYS - Transports Vallée-de-Joux - Yverdon-les-Bains - Sainte-Croix S.A. ,TRAVYS - Transports Vallée-de-Joux - Yverdon-les-Bains - Sainte-Croix S.A. ,20010712,,20250727,20250727
ch14uvag00248874,IT00586190217,9301,STA,Südtiroler Transportstrukturen AG,Südtiroler Transportstrukturen AG,18000101,,20250727,20250727
ch14uvag00224707,CHE-243.403.933,1600,BLSFV,BLS  Fernverkehr AG,BLS  Fernverkehr AG,20191213,,20250727,20250727
ch14uvag00000780,CHE-103.645.470,1126,SBR,Bellwald Sportbahnen AG,Bellwald Sportbahnen AG,18000101,,20250727,20250727
ch14uvag00000383,CHE-107.865.645,591,BMH,Bergbahnen Meiringen-Hasliberg AG,Bergbahnen Meiringen-Hasliberg AG,18000101,,20250727,20250727
ch14uvag00000373,CHE-107.932.454,1142,BHAG,Bergbahnen Hohsaas AG,Bergbahnen Hohsaas AG,18000101,,20250727,20250727
ch14uvag00000318,CHE-105.742.167,168,AS,Autobetrieb Sernftal AG,Autobetrieb Sernftal AG,19031118,,20250727,20250727
ch14uvag00000550,CHE-108.370.688,1259,GTAG,Gartmann Transporte AG,Gartmann Transporte AG,19990720,,20250727,20250727
ch14uvag00000617,CHE-109.810.661,1274,LHA,Alvier AG Seminarzentrum mit Hotel,Alvier AG Seminarzentrum mit Hotel,18000101,,20250727,20250727
ch14uvag00000288,CHE-102.249.539,301,AAGU,AUTO AG URI,AUTO AG URI,18000101,,20250727,20250727
ch14uvag00000605,CHE-103.065.887,1279,LEF,Luftseilbahn Engelberg - Fürenalp AG (LEF),Luftseilbahn Engelberg - Fürenalp AG (LEF),19781108,,20250727,20250727
ch14uvag00000625,CHE-105.792.751,1083,LKS,Luftseilbahn Kandersteg-Sunnbüel (Gemmi) AG,Luftseilbahn Kandersteg-Sunnbüel (Gemmi) AG,18000101,,20250727,20250727
ch14uvag00000882,CHE-105.865.864,1199,NVRM,NV Remontées mécaniques SA ,NV Remontées mécaniques SA ,18000101,,20250727,20250727
ch14uvag00000986,CHE-105.894.363,1256,WSU,Walker's Söhne GmbH,Walker's Söhne GmbH,19970506,,20250727,20250727
ch14uvag00249223,CHE-238.046.951,651,MSSG,MS Seestern + Gastro AG,MS Seestern + Gastro AG,18000101,,20250727,20250727
ch14uvag00249168,,798,AFO,Alpbus Fournier,Alpbus Fournier,18000101,,20250727,20250727
ch14uvag00000963,CHE-106.845.516,83,VPac,Verein Pacific 01 202,Verein Pacific 01 202,20000121,,20250727,20250727
ch14uvag00000287,CHE-100.998.251,340,AAGS,Auto AG Schwyz,Auto AG Schwyz,19221120,,20250727,20250727
ch14uvag00000832,CHE-106.892.183,590,SRI,Luftseilbahngenossenschaft Illgau,Luftseilbahngenossenschaft Illgau,19510822,,20250727,20250727
ch14uvag00000901,CHE-105.756.264,1195,TOJ,Téléovronnaz SA,Téléovronnaz SA,18000101,,20250727,20250727
ch14uvag00000450,CHE-106.002.423,132,DFB,DFB-Dampfbahn-Furka-Bergstrecke AG,DFB-Dampfbahn-Furka-Bergstrecke AG,18000101,,20250727,20250727
ch14uvag00000309,CHE-108.817.703,1278,AMG,älplibahn malans Genossenschaft ,älplibahn malans Genossenschaft ,18000101,,20250727,20250727
ch14uvag00000995,CHE-102.356.738,609,ZSG,Zürichsee-Schifffahrtsgesellschaft AG (ZSG),Zürichsee-Schifffahrtsgesellschaft AG (ZSG),18000101,,20250727,20250727
ch14uvag00000296,CHE-108.094.749,351,AFA,AFA Bus AG,AFA Bus AG,18000101,,20250727,20250727
ch14uvag00000361,CHE-110.604.217,1136,BDGAG,Bergbahnen Destination Gstaad AG,Bergbahnen Destination Gstaad AG,20040401,,20250727,20250727
ch14uvag00000616,CHE-107.193.219,1073,LGP,Luftseilbahn Grindelwald-Pfingstegg AG,Luftseilbahn Grindelwald-Pfingstegg AG,18000101,,20250727,20250727
ch14uvag00000820,CHE-106.075.095,1133,SMGI,Skilifte Mörlialp AG,Skilifte Mörlialp AG,18000101,,20250727,20250727
ch14uvag00000862,,366,SWEGB,SWEG Bus GmbH,SWEG Bus GmbH,18000101,,20250727,20250727
ch14uvag00000892,CHE-335.140.293,1198,TLML,Télé Leysin - Col des Mosses - La Lécherette SA,Télé Leysin - Col des Mosses - La Lécherette SA,20110125,,20250727,20250727
ch14uvag00000322,,2034,ASFA,ASF Autolinee S.r.l.,ASF Autolinee S.r.l.,18000101,,20250727,20250727
ch14uvag00000908,CHE-113.491.760,2960,TR,TR Trans Rail AG,TR Trans Rail AG,20070308,,20250727,20250727
ch14uvag00000746,CHE-106.993.832,1144,RMA,Télé Anzère. Société Anonyme des Remontées Mécaniques du Wildhorn 1972 Anzère,Télé Anzère. Société Anonyme des Remontées Mécaniques du Wildhorn 1972 Anzère,18000101,,20250727,20250727
ch14uvag00000702,CHE-114.855.333,771,OSF,Gemeinde Saas-Fee,Gemeinde Saas-Fee,18000101,,20250727,20250727
ch14uvag00000794,CHE-112.875.922,73,SEHR,Stiftung Museumsbahn Stein am Rhein - Etzwilen - Hemishofen - Ramsen & Rielasingen - Singen (SEHR & RS),Stiftung Museumsbahn Stein am Rhein - Etzwilen - Hemishofen - Ramsen & Rielasingen - Singen (SEHR & RS),18000101,,20250727,20250727
ch14uvag00000320,CHE-116.183.786,1250,ASS,Andermatt-Sedrun Sport AG,Andermatt-Sedrun Sport AG,20101108,,20250727,20250727
ch14uvag00000895,CHE-103.862.487,1128,TMLB,Société des remontées mécaniques de la Berra S.A.,Société des remontées mécaniques de la Berra S.A.,18000101,,20250727,20250727
ch14uvag00000639,CHE-115.486.735,582,LRE,Gemeinde Eischoll,Gemeinde Eischoll,18000101,,20250727,20250727
ch14uvag00000414,CHE-106.896.749,703,BWS,Busbetriebe Bamert GmbH,Busbetriebe Bamert GmbH,19961227,,20250727,20250727
ch14uvag00000997,CHE-105.956.047,185,ZVB,Zugerland Verkehrsbetriebe AG,Zugerland Verkehrsbetriebe AG,19120229,,20250727,20250727
ch14uvag00000592,CHE-108.083.295,1220,LABB,Lauchernalp Bergbahnen AG,Lauchernalp Bergbahnen AG,18000101,,20250727,20250727
ch14uvag00000886,CHE-109.349.490,20,THURBO,Thurbo AG,Thurbo AG,18000101,,20250727,20250727
ch14uvag00000562,CHE-103.940.124,1184,HSS,Heinzenberg Skilifte und Sesselbahn AG,Heinzenberg Skilifte und Sesselbahn AG,18000101,,20250727,20250727
ch14uvag00000612,CHE-103.274.994,1288,LGGI,Luftseilbahngenossenschaft Gitschenen,Luftseilbahngenossenschaft Gitschenen,19550304,,20250727,20250727
ch14uvag00000529,CHE-105.857.735,433,GB,Gurtenbahn Bern AG,Gurtenbahn Bern AG,18000101,,20250727,20250727
ch14uvag00000725,CHE-105.767.894,1120,PSSA,Pendicularas Scuol SA,Pendicularas Scuol SA,18000101,,20250727,20250727
ch14uvag00000530,CHE-105.899.627,431,GbB,Parkhotel Giessbach AG,Parkhotel Giessbach AG,18000101,,20250727,20250727
ch14uvag00000638,CHE-106.901.830,1295,LORB,Luftseilbahn Obergschwend-Rigi-Burggeist AG ,Luftseilbahn Obergschwend-Rigi-Burggeist AG ,19600331,,20250727,20250727
ch14uvag00000311,CHE-105.894.050,327,AMSA,AMSA - Autolinea Mendrisiense SA,AMSA - Autolinea Mendrisiense SA,19080823,,20250727,20250727
ch14uvag00000601,CHE-420.947.821,588,LDN,KAPELLSTIFTUNG MARIA RICKENBACH,KAPELLSTIFTUNG MARIA RICKENBACH,18000101,,20250727,20250727
ch14uvag00220843,CHE-315.426.970,1336,BKAG,Biel-Kinzig AG,Biel-Kinzig AG,20170616,,20250727,20250727
ch14uvag00000345,CHE-107.051.335,1015,BBD,Bergbahnen Disentis AG,Bergbahnen Disentis AG,18000101,,20250727,20250727
ch14uvag00000452,,58,DICH,Deutsche Eisenbahn-Infrastruktur in der Schweiz,Deutsche Eisenbahn-Infrastruktur in der Schweiz,18000101,,20250727,20250727
ch14uvag00000365,CHE-103.148.243,424,BET,"Bergbahnen Engelberg-Trübsee-Titlis AG, BET ","Bergbahnen Engelberg-Trübsee-Titlis AG, BET ",18000101,,20250727,20250727
ch14uvag00000907,CHE-106.007.231,52,TPN,TPN Transports publics de la Région Nyonnaise S.A.,TPN Transports publics de la Région Nyonnaise S.A.,19770615,,20250727,20250727
ch14uvag00000368,CHE-106.028.486,1018,BGD,Bergbahnen Grüsch-Danusa AG,Bergbahnen Grüsch-Danusa AG,18000101,,20250727,20250727
ch14uvag00000371,CHE-294.276.562,1287,SSTAG,Seilbahn Staubern AG,Seilbahn Staubern AG,20160629,,20250727,20250727
ch14uvag00000463,CHE-106.910.645,1051,EB,Brunni-Bahnen Engelberg AG,Brunni-Bahnen Engelberg AG,18000101,,20250727,20250727
ch14uvag00000669,CHE-100.831.131,180,MGB,Matterhorn Gotthard Verkehrs AG,Matterhorn Gotthard Verkehrs AG,18000101,,20250727,20250727
ch14uvag00351120,CHE-326.890.716,2026,VBU,Voyages Buchard SA,Voyages Buchard SA,18000101,,20250727,20250727
ch14uvag00000828,CHE-107.635.275,406,SPBR,Sportbahnen Braunwald AG,Sportbahnen Braunwald AG,19051025,,20250727,20250727
ch14uvag00000509,CHE-105.737.054,1153,FML,Monte Lema SA,Monte Lema SA,18000101,,20250727,20250727
ch14uvag00000789,CHE-101.720.066,417,SDS,Berghotel Schatzalp AG,Berghotel Schatzalp AG,18000101,,20250727,20250727
ch14uvag00000426,CHE-402.922.875,601,CGN,CGN SA,CGN SA,20120626,,20250727,20250727
ch14uvag00000460,CHE-104.143.432,45,DVZO,Dampfbahn-Verein Zürcher Oberland,Dampfbahn-Verein Zürcher Oberland,18000101,,20250727,20250727
ch14uvag00000748,,2919,DBCDE,DB Cargo AG,DB Cargo AG,18000101,,20250727,20250727
ch14uvag00000787,CHE-110.269.610,1233,SCP,Coopérative des Pléiades,Coopérative des Pléiades,20031022,,20250727,20250727
ch14uvag00000837,CHE-115.064.630,618,SS,Gemeinde Sils im Engadin/Segl,Gemeinde Sils im Engadin/Segl,18000101,,20250727,20250727
ch14uvag00000295,CHE-109.700.245,634,AeS,Ägerisee Schifffahrt AG,Ägerisee Schifffahrt AG,20020827,,20250727,20250727
ch14uvag00000987,CHE-103.984.529,369,WTZ,Walter Tschannen AG,Walter Tschannen AG,19971222,,20250727,20250727
ch14uvag00220981,CHE-109.497.067,1338,MEV,MEV Schweiz AG - Independent Railway Services,MEV Schweiz AG - Independent Railway Services,20020301,,20250727,20250727
ch14uvag00000833,CHE-108.798.460,1222,SRN,Wiriehornbahnen AG,Wiriehornbahnen AG,18000101,,20250727,20250727
ch14uvag00000305,CHE-112.005.298,2324,ALPY,ALPYBUS SARL,ALPYBUS SARL,18000101,,20250727,20250727
ch14uvag00000286,CHE-102.405.928,356,AAGR,Auto AG Rothenburg,Auto AG Rothenburg,18000101,,20250727,20250727
ch14uvag00000448,CHE-107.299.875,206,DBZ,Dolderbahn-Betriebs-AG,Dolderbahn-Betriebs-AG,18000101,,20250727,20250727
ch14uvag00000934,CHE-105.938.753,613,URh,Schweizerische Schifffahrtsgesellschaft Untersee und Rhein AG,Schweizerische Schifffahrtsgesellschaft Untersee und Rhein AG,18000101,,20250727,20250727
ch14uvag00000563,CHE-101.092.382,86,HSTB,VEREIN HISTORISCHE SEETHALBAHN ,VEREIN HISTORISCHE SEETHALBAHN ,19990607,,20250727,20250727
ch14uvag00000512,CHE-109.886.090,461,FPR,Funicolare Ritom SA,Funicolare Ritom SA,20030128,,20250727,20250727
ch14uvag00165688,CHE-115.058.440,827,OBV,Gemeinde Vals,Gemeinde Vals,18000101,,20250727,20250727
ch14uvag00001276,CHE-107.079.569,2572,EBOS,Eurobus Ostschweiz AG,Eurobus Ostschweiz AG,18000101,,20250727,20250727
ch14uvag00000640,CHE-108.084.863,585,LRF,LRF Luftseilbahn Rhäzüns-Feldis AG,LRF Luftseilbahn Rhäzüns-Feldis AG,18000101,,20250727,20250727
ch14uvag00000684,CHE-198.930.006,1297,NCIT,Nuova Carì Impianti Turistici SA,Nuova Carì Impianti Turistici SA,20110519,,20250727,20250727
ch14uvag00000507,CHE-105.753.107,146,FLP,Ferrovie Luganesi SA (FLP),Ferrovie Luganesi SA (FLP),19100324,,20250727,20250727
ch14uvag00000693,,55,ÖBB-I,ÖBB-Infrastruktur AG,ÖBB-Infrastruktur AG,18000101,,20250727,20250727
ch14uvag00000314,CHE-105.962.711,357,ARAG,Rottal Auto AG,Rottal Auto AG,18000101,,20250727,20250727
ch14uvag00000757,CHE-105.394.474,715,RVBW,Regionale Verkehrsbetriebe Baden-Wettingen (RVBW) AG,Regionale Verkehrsbetriebe Baden-Wettingen (RVBW) AG,18000101,,20250727,20250727
ch14uvag00224710,CHE-150.491.362,172,STI,STI Bus AG,STI Bus AG,20190624,,20250727,20250727
ch14uvag00000492,CHE-108.954.978,1290,EWZ,Elektrizitätswerk der Stadt Zürich,Elektrizitätswerk der Stadt Zürich,18000101,,20250727,20250727
ch14uvag00000620,CHE-104.043.285,1241,LIV,Luftseilbahn Illgau-Vorderoberberg AG,Luftseilbahn Illgau-Vorderoberberg AG,19820513,,20250727,20250727
ch14uvag00000419,CHE-107.001.863,593,CBV,Téléphérique Chalais-Vercorin SA,Téléphérique Chalais-Vercorin SA,18000101,,20250727,20250727
ch14uvag00000505,CHE-108.142.360,446,FLMS,Società della Funicolare Locarno-Madonna del Sasso SA (FLMS),Società della Funicolare Locarno-Madonna del Sasso SA (FLMS),19030724,,20250727,20250727
ch14uvag00000508,CHE-105.736.936,410,FMB,Società Funicolare Cassarate-Monte Brè,Società Funicolare Cassarate-Monte Brè,19291129,,20250727,20250727
ch14uvag00000647,CHE-107.050.100,1099,LSC,Corvatsch AG,Corvatsch AG,18000101,,20250727,20250727
ch14uvag00000873,CHE-105.827.792,1005,TBBU,Toggenburg Bergbahnen AG,Toggenburg Bergbahnen AG,18000101,,20250727,20250727
ch14uvag00224704,CHE-201.470.510,1353,TCSA,TéléCharmey SA,TéléCharmey SA,20190816,,20250727,20250727
ch14uvag00249282,CHE-243-220-404,1361,SKRAG,Sportbahnen Kiental-Ramslauenen AG,Sportbahnen Kiental-Ramslauenen AG,18000101,,20250727,20250727
ch14uvag00000517,,56,FS,Ferrovie dello Stato,Ferrovie dello Stato,18000101,,20250727,20250727
ch14uvag00000648,CHE-105.755.069,1141,STBAG,Saastal Bergbahnen AG,Saastal Bergbahnen AG,18000101,,20250727,20250727
ch14uvag00249167,CHE-421.425.554,650,BLSSF,BLS Schifffahrt AG,BLS Schifffahrt AG,18000101,,20250727,20250727
ch14uvag00000692,,2855,ÖBB,ÖBB-Personenverkehr AG,ÖBB-Personenverkehr AG,18000101,,20250727,20250727
ch14uvag00000404,CHE-107.032.177,1174,BST,"Bergbahnen Splügen-Tambo AG, Splügen","Bergbahnen Splügen-Tambo AG, Splügen",18000101,,20250727,20250727
ch14uvag00000558,CHE-100.998.713,1026,HKDS,Hoher Kasten Drehrestaurant und Seilbahn AG,Hoher Kasten Drehrestaurant und Seilbahn AG,18000101,,20250727,20250727
ch14uvag00000602,CHE-106.903.786,589,LDW,Luftseilbahn Dallenwil-Wirzweli AG (LDW),Luftseilbahn Dallenwil-Wirzweli AG (LDW),18000101,,20250727,20250727
ch14uvag00000930,CHE-431.351.704,1267,TWS,Häslitaxi + Transporte Schaad AG ,Häslitaxi + Transporte Schaad AG ,20130627,,20250727,20250727
ch14uvag00374954,,9096,INMAPS,INTERMAPS Software GmbH,INTERMAPS Software GmbH,18000101,,20250727,20250727
ch14uvag00000752,CHE-115.048.217,1261,RRB,Gemeinde Rorschacherberg,Gemeinde Rorschacherberg,18000101,,20250727,20250727
ch14uvag00000897,CHE-103.100.934,32,TMR,TMR Transports de Martigny et Régions SA,TMR Transports de Martigny et Régions SA,18000101,,20250727,20250727
ch14uvag00000369,CHE-110.623.290,1017,BGF,Firstbahn AG,Firstbahn AG,20040416,,20250727,20250727
ch14uvag00000394,CHE-105.805.709,622,BPG,Basler Personenschifffahrt AG,Basler Personenschifffahrt AG,18000101,,20250727,20250727
ch14uvag00000939,CHE-108.955.966,713,VBD,Verkehrsbetrieb der Landschaft Davos,Verkehrsbetrieb der Landschaft Davos,18000101,,20250727,20250727
ch14uvag00000656,CHE-115.486.422,693,LTUO,Gemeinde Oberems,Gemeinde Oberems,18000101,,20250727,20250727
ch14uvag00001227,CHE-114.949.589,2519,BUK,Bus Kantic GmbH,Bus Kantic GmbH,20090706,,20250727,20250727
ch14uvag00000737,CHE-105.808.406,576,REGO,Regiobus AG,Regiobus AG,18000101,,20250727,20250727
ch14uvag00000358,CHE-114.855.936,803,BCR,Commune de Riddes,Commune de Riddes,18000101,,20250727,20250727
ch14uvag00000428,CHE-104.409.021,1064,CIT,Cardada Impianti Turistici SA,Cardada Impianti Turistici SA,18000101,,20250727,20250727
ch14uvag00000611,,691,LFüB,Gemeinde Bellwald,Gemeinde Bellwald,18000101,,20250727,20250727
ch14uvag00000354,CHE-101.496.271,121,cmBC,Société coopérative du Chemin de fer - Musée Blonay-Chamby,Société coopérative du Chemin de fer - Musée Blonay-Chamby,19680703,,20250727,20250727
ch14uvag00000818,CHE-113.698.249,1204,SMF,Korporation Kerns,Korporation Kerns,18000101,,20250727,20250727
ch14uvag00000627,CHE-105.756.324,1203,LLAT,Torrent-Bahnen Leukerbad-Albinen AG,Torrent-Bahnen Leukerbad-Albinen AG,18000101,,20250727,20250727
ch14uvag00000823,,51,SNCF,Société Nationale des Chemins de fer Français,Société Nationale des Chemins de fer Français,18000101,,20250727,20250727
ch14uvag00000806,CHE-101.244.551,607,SGZ,Schifffahrtsgesellschaft für den Zugersee AG (SGZ),Schifffahrtsgesellschaft für den Zugersee AG (SGZ),18970731,,20250727,20250727
ch14uvag00000762,CHE-101.316.908,1004,SAH,Haldigrat AG,Haldigrat AG,18000101,,20250727,20250727
ch14uvag00000682,CHE-105.792.774,460,NB,Niesenbahn AG,Niesenbahn AG,18000101,,20250727,20250727
ch14uvag00000372,CHE-105.919.276,706,BGU,BGU Busbetrieb Grenchen und Umgebung AG,BGU Busbetrieb Grenchen und Umgebung AG,19940620,,20250727,20250727
ch14uvag00000676,CHE-105.737.195,448,MS,Funicolare Lugano-Paradiso-Monte San Salvatore SA,Funicolare Lugano-Paradiso-Monte San Salvatore SA,18881201,,20250727,20250727
ch14uvag00000381,CHE-105.824.463,122,BLT,BLT Baselland Transport AG,BLT Baselland Transport AG,18000101,,20250727,20250727
ch14uvag00000868,CHE-105.952.581,42,SZU,Sihltal Zürich Uetliberg Bahn SZU AG,Sihltal Zürich Uetliberg Bahn SZU AG,18000101,,20250727,20250727
ch14uvag00000696,CHE-101.149.898,35,OeBB,Oensingen-Balsthal-Bahn AG,Oensingen-Balsthal-Bahn AG,18000101,,20250727,20250727
ch14uvag00000673,CHE-105.893.889,151,MOB,Compagnie du Chemin de fer Montreux Oberland bernois SA,Compagnie du Chemin de fer Montreux Oberland bernois SA,18990901,,20250727,20250727
ch14uvag00000420,CHE-114.852.346,1236,CdA,Commune d'Anniviers,Commune d'Anniviers,18000101,,20250727,20250727
ch14uvag00000782,CHE-107.046.618,1210,SBU,Sportbahnen Unterbäch AG,Sportbahnen Unterbäch AG,18000101,,20250727,20250727
ch14uvag00000631,CHE-105.799.049,1103,LMM,Sportbahnen Marbachegg AG,Sportbahnen Marbachegg AG,18000101,,20250727,20250727
ch14uvag00000607,CHE-105.794.796,1053,LESt,Stockhornbahn AG ,Stockhornbahn AG ,19720714,,20250727,20250727
ch14uvag00000911,,695,TRI,Commune Isérables,Commune Isérables,18000101,,20250727,20250727
ch14uvag00000521,CHE-115.447.675,457,FUN,Ville de Neuchâtel,Ville de Neuchâtel,18000101,,20250727,20250727
ch14uvag00220988,CHE-231.797.097,644,FBG,Mick Baumgartner GmbH,Mick Baumgartner GmbH,20170411,,20250727,20250727
ch14uvag00000377,CHE-101.281.380,115,BLM,Bergbahn Lauterbrunnen-Mürren AG,Bergbahn Lauterbrunnen-Mürren AG,18000101,,20250727,20250727
ch14uvag00000915,CHE-106.066.506,1245,TDSA,Télé-Dôle SA,Télé-Dôle SA,19901123,,20250727,20250727
ch14uvag00000777,CHE-105.739.053,1277,SBGG,Seilbahngenossenschaft Golzern,Seilbahngenossenschaft Golzern,19440103,,20250727,20250727
ch14uvag00000367,CHE-115.056.903,822,BGB,Gemeinde Bergün,Gemeinde Bergün,18000101,,20250727,20250727
ch14uvag00000290,CHE-105.767.457,1009,ABB,Arosa Bergbahnen AG,Arosa Bergbahnen AG,18000101,,20250727,20250727
ch14uvag00000535,CHE-104.075.581,209,GGB,Gornergrat Bahn AG,Gornergrat Bahn AG,19730604,,20250727,20250727
ch14uvag00000650,CHE-107.645.463,587,LSH,Luftseilbahn-Genossenschaft Schattdorf-Haldi,Luftseilbahn-Genossenschaft Schattdorf-Haldi,18000101,,20250727,20250727
ch14uvag00000442,,54,DB,Deutsche Bahn AG,Deutsche Bahn AG,18000101,,20250727,20250727
ch14uvag00000292,CHE-103.612.588,117,ABl,Autolinee Bleniesi SA,Autolinee Bleniesi SA,19741113,,20250727,20250727
ch14uvag00000926,CHE-105.766.966,1189,TVGD,Télé-Villars-Gryon-Diablerets SA,Télé-Villars-Gryon-Diablerets SA,18000101,,20250727,20250727
ch14uvag00000948,CHE-239.910.322,346,VBZ,Verkehrsbetriebe Zürich,Verkehrsbetriebe Zürich,18000101,,20250727,20250727
ch14uvag00000766,CHE-105.766.392,1115,SB,Savognin Bergbahnen AG,Savognin Bergbahnen AG,18000101,,20250727,20250727
ch14uvag00107791,,98,FNM,FNM spa,FNM spa,18000101,,20250727,20250727
ch14uvag00000621,CHE-105.981.602,1081,LJK,Luftseilbahn Jakobsbad-Kronberg AG,Luftseilbahn Jakobsbad-Kronberg AG,18000101,,20250727,20250727
ch14uvag00000548,CHE-103.677.990,1293,GSJ,Genossenschaft Seilbahn Jungen,Genossenschaft Seilbahn Jungen,19851219,,20250727,20250727
ch14uvag00000652,CHE-101.367.136,592,LSMS,Schilthornbahn AG,Schilthornbahn AG,18000101,,20250727,20250727
ch14uvag00000866,CHE-114.140.151,2825,SWTR,SWISSTRAIN S.A.,SWISSTRAIN S.A.,18000101,,20250727,20250727
ch14uvag00000796,CHE-440.908.273,1308,SETT,Société d'exploitation touristique de Torgon (SETT) Sàrl,Société d'exploitation touristique de Torgon (SETT) Sàrl,20131031,,20250727,20250727
ch14uvag00000534,CHE-104.178.258,1263,GFR,Giovanni Frapolli,Giovanni Frapolli,18000101,,20250727,20250727
ch14uvag00000573,CHE-101.404.866,210,JB,Jungfraubahn AG,Jungfraubahn AG,18000101,,20250727,20250727
ch14uvag00334755,CHE-235.568.348,1377,HLAG,Holzegg Liegenschaften AG,Holzegg Liegenschaften AG,18000101,,20250727,20250727
ch14uvag00000438,CHE-102.249.574,77,CTVJ,COMPAGNIE DU TRAIN A VAPEUR DE LA VALLEE DE JOUX SOCIETE COOPERATIVE,COMPAGNIE DU TRAIN A VAPEUR DE LA VALLEE DE JOUX SOCIETE COOPERATIVE,19850523,,20250727,20250727
ch14uvag00000924,CHE-105.758.412,1202,TV,TELEVERBIER S.A.,TELEVERBIER S.A.,19500502,,20250727,20250727
ch14uvag00000375,CHE-375.609.557,738,BKG,Bäuert Gastern,Bäuert Gastern,18000101,,20250727,20250727
ch14uvag00000735,CHE-105.895.658,170,RBS,Regionalverkehr Bern-Solothurn AG,Regionalverkehr Bern-Solothurn AG,19121231,,20250727,20250727
ch14uvag00000698,CHE-115.064.647,825,OGS,Gemeinde Silvaplana,Gemeinde Silvaplana,18000101,,20250727,20250727
ch14uvag00000430,CHE-105.757.217,1190,CMA,Remontées Mécaniques Crans Montana Aminona (CMA) SA,Remontées Mécaniques Crans Montana Aminona (CMA) SA,18000101,,20250727,20250727
ch14uvag00000734,CHE-101.594.755,716,RBL,Regionalbus Lenzburg AG,Regionalbus Lenzburg AG,18000101,,20250727,20250727
ch14uvag00000932,CHE-229.783.097,1309,UAG,URDEN AG,URDEN AG,20121228,,20250727,20250727
ch14uvag00001245,CHE-107.841.515,2539,DOMO,Domo Reisen & Vertriebs AG,Domo Reisen & Vertriebs AG,18000101,,20250727,20250727
ch14uvag00000943,CHE-103.178.209,523,VBL,Verkehrsbetriebe Luzern AG,Verkehrsbetriebe Luzern AG,20091130,,20250727,20250727
ch14uvag00000760,CHE-107.596.273,1298,RZC,R. Zgraggen Fahrzeugvermietung / Carreisen,R. Zgraggen Fahrzeugvermietung / Carreisen,18000101,,20250727,20250727
ch14uvag00000634,CHE-103.644.766,1280,LNE,"Luftseilbahn Niederbauen AG, Emmetten","Luftseilbahn Niederbauen AG, Emmetten",19760224,,20250727,20250727
ch14uvag00000919,CHE-101.320.910,1200,TTY,Télé-Thyon SA,Télé-Thyon SA,18000101,,20250727,20250727
ch14uvag00000555,CHE-105.192.746,85,HEG,Historische Eisenbahn Gesellschaft,Historische Eisenbahn Gesellschaft,18000101,,20250727,20250727
ch14uvag00000842,CHE-100.183.875,1238,SSZ,Sessel- und Skilifte Zuoz AG,Sessel- und Skilifte Zuoz AG,19530730,,20250727,20250727
ch14uvag00220989,CHE-182.851.275,1342,ESE,Eurobus swiss-express AG ,Eurobus swiss-express AG ,20171214,,20250727,20250727
ch14uvag00000538,CHE-114.890.915,1902,GHU,Einwohnergemeinde Gondiswil,Einwohnergemeinde Gondiswil,18000101,,20250727,20250727
ch14uvag00000504,CHE-105.757.364,1171,FLC,Funiculaire St-Luc - Chandolin SA,Funiculaire St-Luc - Chandolin SA,18000101,,20250727,20250727
ch14uvag00000917,CHE-105.766.340,1201,TTG,Télé-Torgon SA,Télé-Torgon SA,19601022,,20250727,20250727
ch14uvag00000407,,806,BüBu,Gemeindeverband Koppigen,Gemeindeverband Koppigen,18000101,,20250727,20250727
ch14uvag00000747,CHE-278.264.862,1129,RMGZ,Remontées Mécaniques de Grimentz - Zinal SA,Remontées Mécaniques de Grimentz - Zinal SA,20121025,,20250727,20250727
ch14uvag00000399,CHE-114.852.300,574,BS,Commune de Sierre,Commune de Sierre,18000101,,20250727,20250727
ch14uvag00000797,CHE-115.065.931,1282,SFE,Gemeinde Grüsch,Gemeinde Grüsch,18000101,,20250727,20250727
ch14uvag00000363,CHE-102.586.014,1102,BEAG,Bergbahnen Engstligenalp AG,Bergbahnen Engstligenalp AG,18000101,,20250727,20250727
ch14uvag00000771,DE 225419167,3,SBBD,SBB GmbH,SBB GmbH,18000101,,20250727,20250727
ch14uvag00225165,CHE-107.053.357,1355,HAG,Heuberge AG,Heuberge AG,19800910,,20250727,20250727
ch14uvag00000542,CHE-101.546.696,1289,GLNM,Genossenschaft Luftseilbahn Niederurnen-Morgenholz,Genossenschaft Luftseilbahn Niederurnen-Morgenholz,19590608,,20250727,20250727
ch14uvag00107814,CHE-115.064.676,1300,SBZ,Gemeinde Zuoz,Gemeinde Zuoz,18000101,,20250727,20250727
ch14uvag00000536,CHE-107.881.087,1074,GGM,Gondelbahn Grindelwald-Männlichen AG,Gondelbahn Grindelwald-Männlichen AG,18000101,,20250727,20250727
ch14uvag00000586,CHE-107.912.374,474,KSB,A.G. Sonnenbergbahn Kriens,A.G. Sonnenbergbahn Kriens,18000101,,20250727,20250727
ch14uvag00000799,CHE-108.781.442,1157,SFM,Sesselbahn und Skilifte Feldis AG,Sesselbahn und Skilifte Feldis AG,18000101,,20250727,20250727
ch14uvag00000641,CHE-105.756.583,594,LRR,Rosswald Bahnen AG,Rosswald Bahnen AG,18000101,,20250727,20250727
ch14uvag00000727,CHE-110.214.661,31,RA,REGIONALPS SA ,REGIONALPS SA ,18000101,,20250727,20250727
ch14uvag00000344,CHE-105.904.576,403,NHB,Niederhornbahn AG,Niederhornbahn AG,18000101,,20250727,20250727
ch14uvag00000860,CHE-105.828.478,612,SW,Schiffsbetrieb Walensee AG,Schiffsbetrieb Walensee AG,18000101,,20250727,20250727
ch14uvag00000324,,2039,ASL,Autoservizi Silvestri S.r.l.,Autoservizi Silvestri S.r.l.,18000101,,20250727,20250727
ch14uvag00000356,CHE-108.780.856,1035,BCD,Bergbahnen Chur - Dreibündenstein AG,Bergbahnen Chur - Dreibündenstein AG,18000101,,20250727,20250727
ch14uvag00000549,,1264,GSUR,Gemeinde Surses/Cumegn Surses,Gemeinde Surses/Cumegn Surses,18000101,,20250727,20250727
ch14uvag00000704,CHE-114.909.710,759,OTL,Municipalité de Leysin,Municipalité de Leysin,18000101,,20250727,20250727
ch14uvag00000364,CHE-101.253.254,1029,ESMM,Engadin St. Moritz Mountains AG,Engadin St. Moritz Mountains AG,18000101,,20250727,20250727
ch14uvag00000584,CHE-101.888.056,1087,KMB,Klosters-Madrisa Bergbahnen AG,Klosters-Madrisa Bergbahnen AG,18000101,,20250727,20250727
ch14uvag00000740,CHE-105.956.490,154,RhB FR VR,Rhätische Bahn AG (RhB),Rhätische Bahn AG (RhB),18000101,,20250727,20250727
ch14uvag00000677,CHE-107.901.407,216,MSG,Mühleggbahn AG,Mühleggbahn AG,18000101,,20250727,20250727
ch14uvag00000888,CHE-111.740.283,70,TILO,TILO SA,TILO SA,20040630,,20250727,20250727
ch14uvag00000333,CHE-115.065.397,749,AVB,Gemeinde Arosa,Gemeinde Arosa,18000101,,20250727,20250727
ch14uvag00000875,CHE-105.173.105,1034,TCLB,Télé-Château-d'Oex S.A.,Télé-Château-d'Oex S.A.,18000101,,20250727,20250727
ch14uvag00097257,CHE-101.862.625,802,SAPJV,Société des Auto-transports du Pied du Jura Vaudois SAPJV SA,Société des Auto-transports du Pied du Jura Vaudois SAPJV SA,18000101,,20250727,20250727
ch14uvag00000714,CHE-105.826.172,1125,BBF,Bergbahnen Flumserberg AG,Bergbahnen Flumserberg AG,18000101,,20250727,20250727
ch14uvag00000872,CHE-109.302.643,1021,TBA,Tschentenbahnen AG,Tschentenbahnen AG,18000101,,20250727,20250727
ch14uvag00000603,CHE-105.893.524,139,LEB,Compagnie du chemin de fer Lausanne-Echallens-Bercher SA,Compagnie du chemin de fer Lausanne-Echallens-Bercher SA,18830504,,20250727,20250727
ch14uvag00000462,CHE-107.912.730,575,EAB,Engelberger-Auto-Betriebe AG (EAB),Engelberger-Auto-Betriebe AG (EAB),18000101,,20250727,20250727
ch14uvag00000325,CHE-105.786.331,136,asm,Aare Seeland mobil AG,Aare Seeland mobil AG,18000101,,20250727,20250727
ch14uvag00000990,CHE-105.943.754,171,zb,zb Zentralbahn AG,zb Zentralbahn AG,18970422,,20250727,20250727
ch14uvag00000945,CHE-115.169.157,1266,VBSA,Valbianca SA,Valbianca SA,20091029,,20250727,20250727
